{
      "wih": [
            [
                  0.15990892259949988,
                  -0.1612868516278673,
                  -0.04442789952547228
            ],
            [
                  0.6789026013490532,
                  0.03037775285087185,
                  -0.3366475487479705
            ],
            [
                  0.2985823617411785,
                  0.8265553841948797,
                  -0.10171954592444667
            ]
      ],
      "who": [
            [
                  0.017069240041601277,
                  -0.6180138295640478,
                  -0.31172260587161454
            ],
            [
                  -0.150390058367626,
                  -0.6180610955959255,
                  0.0890142876705237
            ],
            [
                  0.07299536800410224,
                  -0.05726536073977062,
                  0.11900760460351009
            ]
      ]
}